City_ID,City,Lat,Lng,Max Temp,Humidity,Cloudiness,Wind Speed,Country,Date
0,happy valley-goose bay,53.3168,-60.3315,17.17,88,75,2.57,CA,1688970669
1,gadzhiyevo,69.2551,33.3362,11.91,61,0,1.07,RU,1688970673
2,malinyi,-8.9333,36.1333,25.03,55,11,0.57,TZ,1688970673
3,akrehamn,59.2667,5.1833,17.78,94,100,3.6,NO,1688970673
4,vadso,70.0744,29.7487,13.49,81,0,1.54,NO,1688970673
5,iqaluit,63.7506,-68.5145,4.85,87,75,1.03,CA,1688970674
6,haiku-pauwela,20.9219,-156.3051,23.91,77,40,6.17,US,1688970674
7,waitangi,-43.9535,-176.5597,9.9,93,98,2.68,NZ,1688970674
8,sandnessjoen,66.0217,12.6316,17.06,77,0,1.03,NO,1688970675
9,adamstown,-25.066,-130.1015,21.34,69,100,6.72,PN,1688970675
10,blackmans bay,-43.0167,147.3167,14.07,55,99,4.82,AU,1688970606
11,edinburgh of the seven seas,-37.0676,-12.3116,15.3,90,100,13.33,SH,1688970676
12,biloela,-24.4167,150.5,19.85,32,0,3.05,AU,1688970676
13,grytviken,-54.2811,-36.5092,-5.36,81,100,3.41,GS,1688970660
14,northam,51.0333,-4.2167,16.48,91,97,6.82,GB,1688970677
15,yellowknife,62.456,-114.3525,14.29,54,75,5.14,CA,1688970678
16,bredasdorp,-34.5322,20.0403,9.25,73,50,1.6,ZA,1688970678
17,santa ana,33.7456,-117.8678,21.13,81,0,1.54,US,1688970678
18,el nido,11.1858,119.3956,29.84,72,99,2.77,PH,1688970678
19,bethel,41.3712,-73.414,22.79,88,100,0.45,US,1688970678
20,changli,39.7042,119.1506,33.35,42,14,4.18,CN,1688970415
21,qaqortoq,60.7167,-46.0333,9.23,71,36,1.75,GL,1688970679
22,invercargill,-46.4,168.35,6.88,90,26,1.64,NZ,1688970600
23,ilulissat,69.2167,-51.1,9.01,76,100,2.57,GL,1688970679
24,port-aux-francais,-49.35,70.2167,2.27,62,100,9.38,TF,1688970680
25,christchurch,-43.5333,172.6333,11.62,92,100,2.06,NZ,1688970600
26,tiksi,71.6872,128.8694,5.27,70,100,2.78,RU,1688970680
27,alice springs,-23.7,133.8833,18.75,39,6,6.75,AU,1688970681
28,margaret river,-33.95,115.0667,17.13,69,10,8.55,AU,1688970604
29,ushuaia,-54.8,-68.3,2.81,75,75,7.2,AR,1688970610
30,punta arenas,-53.15,-70.9167,-0.94,86,40,2.57,CL,1688970681
31,pangody,65.85,74.4859,17.24,49,45,5.14,RU,1688970682
32,puerto ayora,-0.7393,-90.3518,25.31,93,74,2.68,EC,1688970682
33,pisco,-13.7,-76.2167,17.03,82,100,0.51,PE,1688970683
34,hawaiian paradise park,19.5933,-154.9731,22.73,93,100,1.54,US,1688970683
35,san jose del guaviare,2.5729,-72.6459,21.53,98,5,0.39,CO,1688970683
36,zhezqazghan,47.7833,67.7667,32.32,17,0,5.0,KZ,1688970683
37,chibougamau,49.9168,-74.3659,15.79,94,0,1.54,CA,1688970684
38,hithadhoo,-0.6,73.0833,27.43,71,35,1.5,MV,1688970547
39,vorgashor,67.5833,63.95,13.88,47,45,4.04,RU,1688970684
40,bikenibeu village,1.3673,173.1241,25.98,94,100,0.0,KI,1688970685
41,thompson,55.7435,-97.8558,6.09,87,40,3.09,CA,1688970685
42,kijang,35.2442,129.2139,27.85,85,86,7.29,KR,1688970402
43,yongbyon,39.8133,125.8042,27.95,69,9,4.27,KP,1688970685
44,reshetylivka,49.565,34.0782,21.14,58,0,6.93,UA,1688970686
45,nguigmi,14.2495,13.1092,30.69,50,100,6.27,NE,1688970686
46,dingli,35.8614,14.3822,26.56,74,0,1.54,MT,1688970687
47,fale old settlement,-9.3852,-171.2468,28.7,79,95,8.15,TK,1688970687
48,port moresby,-9.4431,147.1797,28.68,74,40,5.14,PG,1688970687
49,leninskoye,41.7589,69.3864,35.23,12,0,3.14,KZ,1688970687
50,guankou,28.15,113.6333,37.89,43,37,4.91,CN,1688970519
51,lebu,-37.6167,-73.65,6.22,79,85,4.15,CL,1688970688
52,college,64.8569,-147.8028,22.26,54,75,3.09,US,1688970688
53,concepcion,-36.827,-73.0498,5.89,87,0,2.57,CL,1688970688
54,mili,6.0815,171.735,27.5,82,100,5.85,MH,1688970689
55,tura,25.5198,90.2201,29.72,76,98,2.97,IN,1688970689
56,goundam,16.4145,-3.6708,31.26,43,100,7.91,ML,1688970689
57,hami,42.8,93.45,29.13,28,100,3.46,CN,1688970690
58,bilibino,68.0546,166.4372,16.07,56,100,1.69,RU,1688970690
59,betio village,1.358,172.9211,26.02,76,100,3.85,KI,1688970690
60,badger,64.8,-147.5333,22.21,56,0,3.09,US,1688970691
61,yermolayevo,52.7167,55.8,35.79,19,100,5.35,RU,1688970691
62,yoichi,43.2039,140.7703,23.75,84,30,0.76,JP,1688970691
63,keelung,25.1283,121.7419,35.94,76,36,2.1,TW,1688970692
64,west island,-12.1568,96.8225,26.99,69,75,6.17,CC,1688970692
65,wailua homesteads,22.0669,-159.378,26.44,80,75,7.2,US,1688970692
66,keta,5.9179,0.9879,25.12,85,96,3.15,GH,1688970692
67,hamilton,39.1834,-84.5333,18.27,89,0,1.54,US,1688970693
68,fortaleza,-3.7227,-38.5247,26.79,83,75,3.6,BR,1688970693
69,bokovskaya,49.229,41.8306,17.26,86,100,5.95,RU,1688970693
70,coquimbo,-29.9533,-71.3436,11.85,82,75,3.6,CL,1688970694
71,lere,10.387,8.5726,21.24,92,100,0.74,NG,1688970694
72,jamestown,42.097,-79.2353,18.77,96,100,1.54,US,1688970695
73,snezhinsk,56.085,60.7314,32.1,35,99,2.82,RU,1688970695
74,roleystone,-32.1167,116.0667,17.53,69,75,3.6,AU,1688970651
75,tolanaro,-25.0319,46.9987,22.04,88,20,1.03,MG,1688970695
76,dudinka,69.4058,86.1778,6.46,83,100,4.74,RU,1688970696
77,lihue,21.9789,-159.3672,26.77,74,75,7.2,US,1688970696
78,puerto natales,-51.7236,-72.4875,-2.52,93,48,1.38,CL,1688970696
79,pasuquin,18.3328,120.6177,31.97,74,20,6.17,PH,1688970697
80,songea,-10.6833,35.65,19.64,68,0,0.0,TZ,1688970697
81,palmer,42.1584,-72.3287,22.01,84,100,0.0,US,1688970697
82,mejit,10.2753,170.8646,28.28,79,51,6.32,MH,1688970697
83,broken hill,-31.95,141.4333,13.89,53,0,3.74,AU,1688970698
84,chiredzi,-21.05,31.6667,13.75,76,100,2.07,ZW,1688970698
85,polyarnyy,69.1989,33.4478,11.78,63,1,1.07,RU,1688970699
86,karatuzskoye,53.6072,92.8667,16.95,88,100,3.5,RU,1688970699
87,sitka,57.0531,-135.33,12.94,71,75,7.2,US,1688970699
88,st. john's,47.5649,-52.7093,12.1,97,100,3.09,CA,1688970700
89,labytnangi,66.6572,66.4183,15.62,55,100,1.9,RU,1688970700
90,pathardi,19.1667,75.1833,30.38,53,91,7.86,IN,1688970700
91,olonkinbyen,70.9221,-8.7187,2.61,96,100,9.77,SJ,1688970700
92,undurkhaan,47.3194,110.6556,26.56,41,100,2.7,MN,1688970701
93,albany,42.6001,-73.9662,19.97,95,100,0.94,US,1688970701
94,evans,33.5337,-82.1307,27.11,83,0,0.89,US,1688970701
95,shalqar,47.8333,59.6,36.93,15,0,5.29,KZ,1688970701
96,yanykurgan,43.915,67.2481,37.31,13,0,7.03,KZ,1688970702
97,georgetown,5.4112,100.3354,31.96,74,40,5.36,MY,1688970572
98,naifaru,5.4444,73.3657,28.15,73,100,5.89,MV,1688970702
99,kourou,5.1552,-52.6478,23.03,90,16,3.33,GF,1688970702
100,hammerfest,70.6634,23.6821,12.25,71,0,1.03,NO,1688970703
101,kodiak,57.79,-152.4072,10.73,87,100,3.09,US,1688970703
102,papatowai,-46.5619,169.4708,7.35,89,60,1.53,NZ,1688970703
103,zaxo,37.1482,42.7001,35.03,20,0,5.36,IQ,1688970704
104,seven pagodas,12.6264,80.1722,34.03,81,100,2.31,IN,1688970704
105,saint-philippe,-21.3585,55.7679,25.77,71,1,4.97,RE,1688970704
106,suva,-18.1416,178.4415,24.71,78,40,2.06,FJ,1688970313
107,buka,40.8108,69.1986,36.21,15,0,2.14,UZ,1688970705
108,isafjordur,66.0755,-23.124,13.24,58,1,1.84,IS,1688970705
109,colonia,50.9333,6.95,21.09,80,100,3.6,DE,1688970568
110,port augusta,-32.5,137.7667,17.12,47,0,2.42,AU,1688970706
111,nieuw amsterdam,5.8833,-55.0833,25.57,90,12,3.11,SR,1688970706
112,prado,-17.3411,-39.2208,21.02,95,30,1.66,BR,1688970706
113,longyearbyen,78.2186,15.6401,6.91,70,75,2.06,SJ,1688970486
114,bathsheba,13.2167,-59.5167,27.34,89,40,11.32,BB,1688970707
115,miles city,46.4083,-105.8406,21.54,46,0,2.57,US,1688970707
116,alofi,-19.0595,-169.9187,23.94,88,100,4.63,NU,1688970707
117,karratha,-20.7377,116.8463,24.17,32,0,6.66,AU,1688970619
118,whitehorse,60.7161,-135.0538,22.43,20,20,5.14,CA,1688970708
119,selendi,38.7444,28.8678,23.55,35,0,5.42,TR,1688970708
120,terrace,54.5163,-128.6035,19.95,63,75,7.72,CA,1688970708
121,north bend,43.4065,-124.2243,15.09,82,100,0.0,US,1688970709
122,madalena,41.2162,-8.3345,17.53,84,0,0.99,PT,1688970709
123,kiunga,-6.1219,141.2906,27.65,83,100,1.98,PG,1688970709
124,porto novo,6.4965,2.6036,24.9,91,100,1.8,BJ,1688970709
125,callao,-12.0667,-77.15,20.16,77,40,4.12,PE,1688970710
126,piacabucu,-10.4056,-36.4344,22.67,91,12,2.13,BR,1688970710
127,iringa,-7.7667,35.7,17.62,59,0,0.0,TZ,1688970710
128,mogliano veneto,45.565,12.235,28.29,70,0,2.06,IT,1688970710
129,ad dilam,23.9915,47.1627,41.23,7,86,2.93,SA,1688970712
130,degache,33.9761,8.2081,36.18,23,20,2.57,TN,1688970712
131,sovetskiy,61.3614,63.5842,19.57,49,100,1.74,RU,1688970712
132,aasiaat,68.7098,-52.8699,4.4,96,100,2.99,GL,1688970712
133,hermanus,-34.4187,19.2345,7.11,67,8,3.31,ZA,1688970713
134,talnakh,69.4865,88.3972,6.23,88,100,2.98,RU,1688970713
135,ingeniero guillermo n. juarez,-23.9,-61.85,21.29,80,100,1.83,AR,1688970713
136,santa maria da vitoria,-13.3947,-44.1886,20.07,53,0,0.88,BR,1688970714
137,nemuro,43.3236,145.575,16.89,97,82,2.92,JP,1688970618
138,fuerte olimpo,-21.0415,-57.8738,26.01,45,100,2.13,PY,1688970714
139,greymouth,-42.4667,171.2,10.49,88,76,1.53,NZ,1688970714
140,keflavik,64.0049,-22.5624,11.04,93,0,3.09,IS,1688970715
141,tarakan,3.3,117.6333,28.72,79,20,3.6,ID,1688970644
142,klyuchi,52.2667,79.1667,25.81,36,7,4.18,RU,1688970715
143,lompoc,34.6391,-120.4579,14.32,84,100,9.39,US,1688970715
144,stanley,54.868,-1.6985,15.5,87,0,1.54,GB,1688970716
145,la sarre,48.8002,-79.1996,12.24,95,6,2.59,CA,1688970716
146,thunder bay,48.4001,-89.3168,16.99,94,100,2.57,CA,1688970716
147,brokopondo,4.75,-55.1667,24.29,91,4,2.3,SR,1688970716
148,ulsteinvik,62.3432,5.8487,20.5,82,100,0.89,NO,1688970717
149,kyzyl,51.7,94.45,28.76,30,18,3.9,RU,1688970717
150,fort mcmurray,56.7268,-111.381,14.77,44,0,4.12,CA,1688970717
151,jinka,5.65,36.65,23.92,48,55,0.73,ET,1688970718
152,springhill,33.006,-93.4668,23.94,98,1,1.75,US,1688970718
153,fort bragg,35.139,-79.006,24.55,94,75,2.57,US,1688970718
154,mount pearl,47.5166,-52.7813,11.64,97,100,3.09,CA,1688970718
155,kapa'a,22.0752,-159.319,27.18,80,75,7.2,US,1688970718
156,aral,40.5156,81.2636,32.24,23,96,2.16,CN,1688970719
157,jonquiere,48.4165,-71.2488,21.32,79,100,2.06,CA,1688970719
158,kudymkar,59.0173,54.656,13.13,97,100,5.33,RU,1688970719
159,aldan,58.6031,125.3894,22.7,39,33,0.16,RU,1688970720
160,makokou,0.5738,12.8642,22.76,88,19,1.25,GA,1688970720
161,visby,57.6409,18.296,20.03,55,0,1.54,SE,1688970720
162,alo,7.4178,6.7371,24.22,92,100,0.28,NG,1688970720
163,khandyga,62.6667,135.6,21.55,32,76,2.34,RU,1688970721
164,nawanshahr,31.1167,76.1333,27.64,76,98,5.4,IN,1688970582
165,tazovsky,67.4667,78.7,11.21,55,20,5.79,RU,1688970721
166,coxim,-18.5067,-54.76,20.81,54,0,1.69,BR,1688970721
167,rojhan,28.6868,69.9534,40.21,31,0,3.7,PK,1688970722
168,la ronge,55.1001,-105.2842,11.12,62,0,2.57,CA,1688970722
169,tutoia,-2.7619,-42.2744,25.42,82,0,6.23,BR,1688970723
170,constantia,44.1833,28.65,23.38,53,72,5.4,RO,1688970723
171,midvagur,62.0511,-7.1939,12.46,94,100,0.0,FO,1688970723
172,wad az zaki,14.4619,32.2065,31.38,46,100,6.41,SD,1688970724
173,puerto lempira,15.2667,-83.7667,26.08,90,100,3.23,HN,1688970724
174,garissa,-0.4536,39.6401,27.75,51,25,7.62,KE,1688970724
175,masterton,-40.9597,175.6575,8.27,97,100,0.93,NZ,1688970645
176,sao joao da barra,-21.6403,-41.0511,20.9,81,100,3.59,BR,1688970725
177,amga,60.8953,131.9608,25.35,42,82,2.88,RU,1688970725
178,vuktyl,63.8567,57.3094,12.9,60,100,4.74,RU,1688970725
179,mandal,25.45,74.5667,32.2,57,26,5.53,IN,1688970726
180,fedorovka,53.6314,62.7078,31.13,41,73,4.96,KZ,1688970726
181,loango,-4.6719,11.8312,19.81,94,75,1.54,CG,1688970726
182,saudarkrokur,65.7461,-19.6394,11.75,68,95,1.84,IS,1688970726
183,qarazhal,48.0078,70.7903,31.8,18,6,2.58,KZ,1688970727
184,kapuskasing,49.4169,-82.4331,16.05,55,100,6.69,CA,1688970727
185,serov,59.6033,60.5787,13.77,95,100,2.19,RU,1688970727
186,avarua,-21.2078,-159.775,25.03,94,20,4.12,CK,1688970728
187,yuzhno-kurilsk,44.0306,145.8556,17.94,88,93,1.23,RU,1688970728
188,utrik,11.2278,169.8474,28.32,81,100,6.21,MH,1688970728
189,baharly,38.4362,57.4316,41.04,8,0,8.02,TM,1688970729
190,hobyo,5.3505,48.5268,29.75,58,40,11.82,SO,1688970729
191,udachny,66.4167,112.4,28.03,30,11,9.5,RU,1688970729
192,uturoa,-16.7333,-151.4333,26.84,81,10,10.59,PF,1688970729
193,makungu,-8.7333,35.2833,20.66,59,7,2.56,TZ,1688970730
194,wolmirstedt,52.25,11.6333,21.32,86,100,3.89,DE,1688970730
195,kokopo,-4.352,152.2633,23.95,94,100,2.33,PG,1688970731
196,rongelap,11.1635,166.8941,28.25,80,100,7.05,MH,1688970731
197,castillos,-34.1667,-53.8333,11.14,96,46,1.98,UY,1688970731
198,akropong,5.9746,-0.0854,21.22,93,97,1.64,GH,1688970732
199,kununurra,-15.7667,128.7333,28.99,30,52,3.6,AU,1688970713
200,zhytkavichy,52.2168,27.8561,19.72,58,3,3.73,BY,1688970732
201,mabaruma,8.2,-59.7833,23.45,98,91,1.12,GY,1688970733
202,odda,60.0691,6.5457,18.76,76,100,2.16,NO,1688970733
203,kaeng khro,16.1086,102.2581,34.88,42,94,3.44,TH,1688970734
204,nishinoomote,30.7333,131.0,29.31,89,40,2.57,JP,1688970698
205,sirte,31.2089,16.5887,27.11,62,0,3.32,LY,1688970734
206,saint-pierre,-21.3393,55.4781,25.87,47,0,2.57,RE,1688970735
207,sinabang,2.4803,96.3801,27.36,78,43,2.63,ID,1688970735
208,port elizabeth,-33.918,25.5701,10.73,95,40,3.6,ZA,1688970735
209,jodhpur,26.2867,73.03,35.62,44,93,4.1,IN,1688970563
210,cooma,-36.2333,149.1333,5.43,70,24,3.77,AU,1688970644
211,ocampo,21.65,-101.5,15.32,88,0,3.12,MX,1688970736
212,roma,43.2128,-75.4557,19.97,95,75,0.0,US,1688970736
213,grand falls-windsor,48.9332,-55.6649,13.06,93,52,1.57,CA,1688970737
214,shingu,33.7333,135.9833,30.92,67,21,6.27,JP,1688970505
215,canutama,-6.5339,-64.3831,22.98,83,1,0.69,BR,1688970737
216,bafilo,9.35,1.2667,21.56,94,100,1.17,TG,1688970737
217,selfoss,63.9331,-20.9971,12.8,83,93,1.19,IS,1688970738
218,tromso,69.6496,18.957,9.01,87,100,1.54,NO,1688970738
219,ribeira grande,38.5167,-28.7,21.22,94,75,2.57,PT,1688970738
220,cofradia,15.4,-88.15,26.07,97,63,0.79,HN,1688970739
221,kikwit,-5.041,18.8162,27.36,35,18,1.19,CD,1688970739
222,prineville,44.2999,-120.8345,20.73,45,0,0.0,US,1688970739
223,forster,-32.1667,152.5167,16.27,60,3,2.24,AU,1688970740
224,port mathurin,-19.6833,63.4167,23.36,65,71,8.6,MU,1688970740
225,acapulco de juarez,16.8634,-99.8901,25.9,89,100,2.57,MX,1688970740
226,beau vallon,-20.4189,57.6953,24.13,78,40,1.54,MU,1688970741
227,santanyi,39.3546,3.1291,28.68,78,4,6.91,ES,1688970741
228,minas de marcona,-15.2119,-75.1103,13.0,81,7,2.34,PE,1688970741
229,guerrero negro,27.9769,-114.0611,18.08,82,0,3.76,MX,1688970742
230,vilyuchinsk,52.9306,158.4028,14.15,96,100,2.64,RU,1688970565
231,plastun,44.7561,136.2939,23.74,72,35,4.38,RU,1688970742
232,sao felix do xingu,-6.6447,-51.995,22.05,68,0,0.44,BR,1688970742
233,valdez,1.2492,-78.9831,26.46,80,100,1.0,EC,1688970743
234,lerwick,60.1545,-1.1494,13.0,95,100,3.91,GB,1688970743
235,shindand,33.3029,62.1474,34.38,10,0,1.81,AF,1688970744
236,howrah,22.5892,88.3103,33.0,66,75,2.57,IN,1688970291
237,cabinda,-5.55,12.2,21.39,83,42,1.93,AO,1688970744
238,kingston,17.997,-76.7936,28.53,82,20,1.54,JM,1688970744
239,katsuura,35.1333,140.3,28.01,83,4,10.42,JP,1688970745
240,guymon,36.6828,-101.4816,18.0,100,0,1.54,US,1688970745
241,cozumel,20.5083,-86.9458,26.64,91,7,4.28,MX,1688970745
242,guarapari,-20.6667,-40.4975,21.61,90,94,3.0,BR,1688970746
243,dakhla,23.6848,-15.958,21.01,88,75,12.35,EH,1688970746
244,afaahiti,-17.75,-149.2833,24.93,77,91,9.12,PF,1688970746
245,vila franca do campo,37.7167,-25.4333,20.23,87,87,2.16,PT,1688970747
246,bonthe,7.5264,-12.505,24.74,90,100,4.01,SL,1688970747
247,acarau,-2.8856,-40.12,24.08,88,4,5.43,BR,1688970747
248,rundu,-17.9333,19.7667,8.18,29,0,6.55,NA,1688970619
249,makoua,0.0069,15.6333,26.73,64,51,1.55,CG,1688970748
250,kromeriz,49.2979,17.3931,28.09,60,51,0.84,CZ,1688970748
251,kayyerkan,69.3786,87.7439,6.28,100,100,5.02,RU,1688970748
252,baruun-urt,46.6806,113.2792,24.59,49,97,4.59,MN,1688970748
253,port lincoln,-34.7333,135.8667,15.18,72,6,6.96,AU,1688970749
254,ribeira brava,32.65,-17.0667,22.35,77,2,1.62,PT,1688970749
255,saint-francois,46.4154,3.9054,21.69,78,0,2.06,FR,1688970749
256,san luis de la loma,17.2706,-100.8939,25.48,92,99,0.18,MX,1688970750
257,chonchi,-42.6128,-73.8092,3.4,94,64,0.82,CL,1688970750
258,soe,-9.8607,124.284,23.19,48,100,3.7,ID,1688970750
259,touros,-5.1989,-35.4608,23.63,87,2,3.9,BR,1688970751
260,celestun,20.8667,-90.4,27.53,76,6,5.26,MX,1688970751
261,dunedin,-45.8742,170.5036,8.78,82,100,0.89,NZ,1688970751
262,parras de la fuente,25.4167,-102.1833,24.46,52,1,2.75,MX,1688970752
263,mezdra,43.15,23.7,24.66,55,0,1.3,BG,1688970752
264,bamboo flat,11.7,92.7167,30.05,74,75,5.14,IN,1688970752
265,karaton,-6.3424,106.1045,31.51,54,51,1.67,ID,1688970753
266,waingapu,-9.6567,120.2641,27.74,59,83,8.12,ID,1688970753
267,cockburn town,21.4612,-71.1419,28.3,86,86,8.56,TC,1688970754
268,tindouf,27.6711,-8.1474,32.25,13,40,2.06,DZ,1688970754
269,ust-nera,64.5667,143.2,15.74,27,6,2.09,RU,1688970754
270,quellon,-43.1167,-73.6167,3.14,93,100,0.51,CL,1688970754
271,salahonda,2.1019,-78.7217,27.13,77,61,1.87,CO,1688970755
272,crane,31.3974,-102.3501,30.38,43,56,8.21,US,1688970755
273,hastings,50.8552,0.5729,18.88,31,100,4.46,GB,1688970755
274,miyaly,48.8844,53.7836,38.71,10,100,10.93,KZ,1688970755
275,yallahs,17.8748,-76.5624,28.85,85,37,4.23,JM,1688970756
276,sigayevo,56.4216,53.7757,30.27,45,100,5.9,RU,1688970756
277,awjilah,29.1081,21.2869,29.05,35,0,4.31,LY,1688970756
278,troitskoye,52.9821,84.6757,20.5,66,89,1.95,RU,1688970757
279,chistyye bory,58.3647,41.6278,13.81,77,100,5.35,RU,1688970757
280,mocimboa,-11.3167,40.35,26.78,60,1,2.6,MZ,1688970757
281,urangan,-25.3,152.9,19.35,67,6,3.89,AU,1688970758
282,nagqu,31.5,92.0,18.92,39,99,3.06,CN,1688970758
283,las heras,-46.5419,-68.9359,-3.86,83,8,2.34,AR,1688970758
284,conde,-7.2597,-34.9075,22.7,100,20,0.0,BR,1688970759
285,qusmuryn,52.4503,64.6311,33.6,24,82,5.72,KZ,1688970759
286,malango,-2.9627,119.9001,26.58,63,100,2.25,ID,1688970759
287,kilindoni,-7.9139,39.6668,25.5,74,41,4.8,TZ,1688970760
288,wattens,47.2722,11.5993,21.82,77,40,2.57,AT,1688970760
289,zhumysker,49.3333,49.4,38.95,16,100,10.38,KZ,1688970761
290,antofagasta,-23.65,-70.4,15.6,84,99,1.26,CL,1688970761
291,magadan,59.5667,150.8,11.29,71,100,4.71,RU,1688970630
292,argo,37.6333,22.7333,27.66,36,0,2.16,GR,1688970612
293,chakwal,32.9334,72.8585,33.45,42,0,1.4,PK,1688970762
294,piura,-5.2,-80.6333,22.38,79,39,4.21,PE,1688970762
295,vail,32.0479,-110.712,31.61,38,2,0.89,US,1688970763
296,weno,7.4515,151.8468,29.97,79,100,2.57,FM,1688970763
297,santa cruz,-17.8,-63.1667,22.7,100,75,4.12,BO,1688970763
298,ndola,-12.9587,28.6366,19.9,43,0,2.05,ZM,1688970763
299,bu'aale,1.0833,42.5833,30.01,54,61,5.98,SO,1688970764
300,yeppoon,-23.1333,150.7333,22.88,60,37,2.55,AU,1688970764
301,siem reap,13.5,104.0,31.86,41,76,3.02,KH,1688970764
302,hinton,53.4001,-117.5857,15.66,76,86,2.06,CA,1688970765
303,upington,-28.4478,21.2561,2.21,80,0,1.03,ZA,1688970765
304,tazacorte,28.629,-17.9293,21.54,91,20,4.12,ES,1688970765
305,luderitz,-26.6481,15.1594,13.05,39,0,5.38,NA,1688970617
306,markala,13.7021,-6.0659,29.01,58,22,3.92,ML,1688970766
307,bardai,11.65,7.2333,24.02,72,100,2.82,NG,1688970767
308,anadyr,64.75,177.4833,18.28,42,0,4.0,RU,1688970767
309,deqen,29.9618,90.7188,19.19,55,100,2.35,CN,1688970768
310,kavaratti,10.5669,72.642,28.22,77,73,7.61,IN,1688970768
311,champerico,14.3,-91.9167,25.67,84,100,2.48,GT,1688970768
312,camana,-16.6228,-72.7111,17.58,78,11,4.14,PE,1688970769
313,clanton,32.8387,-86.6294,23.02,93,82,1.79,US,1688970769
314,ujae,8.9322,165.7642,27.62,82,82,7.06,MH,1688970769
315,edwardsville,38.8114,-89.9532,21.15,92,0,0.0,US,1688970770
316,mata-utu,-13.2816,-176.1745,27.34,81,99,9.49,WF,1688970770
317,alexandria,31.2156,29.9553,26.57,69,0,6.01,EG,1688970668
318,tommot,58.9564,126.2925,24.48,42,10,0.56,RU,1688970771
319,nouadhibou,20.931,-17.0347,20.99,88,80,8.23,MR,1688970771
320,dinajpur,25.6272,88.6386,35.59,51,56,2.48,BD,1688970771
321,axim,4.8699,-2.2405,24.45,87,99,0.83,GH,1688970771
322,alapli,41.1694,31.3792,23.4,64,100,2.84,TR,1688970772
323,sola,-13.8833,167.55,26.37,83,75,4.12,VU,1688970772
324,salinopolis,-0.6136,-47.3561,25.7,85,36,5.13,BR,1688970772
325,wabag,-5.4781,143.7021,15.39,99,100,1.14,PG,1688970773
326,carnarvon,-24.8667,113.6333,22.19,32,0,3.27,AU,1688970773
327,new norfolk,-42.7826,147.0587,14.72,72,100,5.33,AU,1688970773
328,brookings,44.3114,-96.7984,20.19,79,0,3.6,US,1688970774
329,sao jose da coroa grande,-8.8978,-35.1478,23.91,86,38,2.61,BR,1688970774
330,mananjary,-21.2167,48.3333,23.75,72,82,2.43,MG,1688970774
331,calama,-22.4667,-68.9333,0.27,18,85,10.8,CL,1688970774
332,praia da vitoria,38.7333,-27.0667,22.14,83,20,2.55,PT,1688970775
333,autun,46.95,4.3,22.15,85,28,0.64,FR,1688970776
334,atafu village,-8.5421,-172.5159,28.58,80,100,7.86,TK,1688970776
335,nema,57.5067,50.5011,24.82,68,100,3.23,RU,1688970776
336,aswan,24.0934,32.907,33.83,23,31,6.26,EG,1688970777
337,mugia,43.1041,-9.2179,17.77,76,0,3.59,ES,1688970777
338,joshimath,30.5667,79.5667,26.86,75,71,3.37,IN,1688970777
339,battagram,34.6772,73.0233,29.98,43,40,2.27,PK,1688970778
340,pamandzi,-12.7967,45.2794,26.88,74,13,2.06,YT,1688970778
341,tshabong,-26.05,22.45,3.99,62,0,4.63,BW,1688970778
342,fengxian,34.7039,116.5872,36.93,48,93,5.06,CN,1688970779
343,heinola,61.2056,26.0381,16.16,62,100,1.66,FI,1688970780
344,tomatlan,19.9333,-105.25,25.59,90,100,1.04,MX,1688970780
345,koz'modem'yansk,56.3367,46.5711,18.07,96,100,3.58,RU,1688970781
346,san antonio de pale,-1.4014,5.6325,23.44,82,100,4.01,GQ,1688970782
347,bel ombre,-4.6167,55.4167,26.91,83,75,7.2,SC,1688970782
348,dunda,-8.1167,34.25,23.61,45,12,1.36,TZ,1688970782
349,beihai,21.4833,109.1,31.04,70,99,4.91,CN,1688970783
350,kzyltu,53.6364,72.3414,31.4,35,29,4.59,KZ,1688970784
351,ende,-8.8432,121.6623,26.88,65,61,4.03,ID,1688970741
352,akureyri,65.6835,-18.0878,9.96,87,0,2.57,IS,1688970784
353,aykhal,66.0,111.5,25.9,33,23,10.29,RU,1688970785
354,tianpeng,30.9866,103.9393,36.26,48,99,1.68,CN,1688970785
355,al jabin,14.704,43.599,21.7,34,100,2.54,YE,1688970786
356,altai,46.3722,96.2583,21.5,33,100,5.9,MN,1688970786
357,madera,37.1666,-119.8343,22.91,48,0,1.78,US,1688970786
358,pizhou,34.3114,117.9503,37.01,46,90,6.36,CN,1688970787
359,nikolayevsk-on-amure,53.1406,140.73,22.73,32,2,4.07,RU,1688970787
360,muli,2.9167,73.5667,28.42,71,30,4.36,MV,1688970787
361,saint-louis du nord,19.9333,-72.7167,28.27,76,94,2.18,HT,1688970788
362,lieksa,63.3167,30.0167,12.81,55,6,2.09,FI,1688970788
363,xai-xai,-25.0519,33.6442,15.62,81,100,9.34,MZ,1688970788
364,phan rang-thap cham,11.5667,108.9833,33.43,53,100,4.84,VN,1688970605
365,remire-montjoly,4.9167,-52.2667,23.02,94,75,0.0,GF,1688970789
366,banfora,10.6333,-4.7667,24.51,88,90,1.61,BF,1688970789
367,itaituba,-4.2761,-55.9836,23.23,82,0,0.71,BR,1688970789
368,hilo,19.7297,-155.09,22.85,86,100,1.54,US,1688970790
369,zakamensk,50.3741,103.2863,25.58,41,98,1.68,RU,1688970790
370,lorengau,-2.0226,147.2712,26.55,86,100,4.06,PG,1688970790
371,la gi,10.6667,107.7833,31.05,66,67,4.94,VN,1688970505
372,murun-kuren,49.6342,100.1625,24.09,44,9,1.35,MN,1688970791
373,youkounkoun,12.5333,-13.1333,24.78,94,13,2.07,GN,1688970791
374,san patricio,28.017,-97.5169,28.94,88,21,4.53,US,1688970792
375,cuamba,-14.8031,36.5372,24.42,45,0,1.85,MZ,1688970792
376,kamina,-8.7386,24.9906,23.36,38,5,2.37,CD,1688970792
377,mount gambier,-37.8333,140.7667,13.17,75,5,6.59,AU,1688970794
378,bobrov,51.0961,40.0333,19.53,71,100,8.04,RU,1688970794
379,tamandare,-8.7597,-35.1047,23.83,86,12,2.4,BR,1688970795
380,timbuktu,16.7735,-3.0074,31.53,47,100,7.26,ML,1688970795
381,port blair,11.6667,92.75,30.02,74,75,5.14,IN,1688970795
382,whakatane,-37.9585,176.9854,12.65,87,100,3.17,NZ,1688970795
383,ugoofaaru,5.6667,73.0,28.12,73,100,5.54,MV,1688970796
384,andovoranto,-18.95,49.1,21.08,89,100,1.48,MG,1688970796
385,kinablangan,7.6947,126.5503,28.2,83,44,1.56,PH,1688970796
386,iskateley,67.6803,53.1512,14.12,55,85,4.32,RU,1688970797
387,geraldton,-28.7667,114.6,21.23,46,0,2.57,AU,1688970797
388,kamloops,50.6665,-120.3192,24.55,50,75,5.66,CA,1688970797
389,mirny,62.5353,113.9611,27.91,30,94,3.13,RU,1688970798
390,kisangani,0.5167,25.2,26.04,73,72,1.08,CD,1688970798
391,jiaojiang,28.6803,121.4428,38.89,70,38,6.19,CN,1688970798
392,suntar,62.1444,117.6319,28.99,26,11,2.78,RU,1688970799
393,badiyah,22.45,58.8,35.64,33,100,3.68,OM,1688970799
394,petropavlovsk-kamchatsky,53.0452,158.6483,13.33,94,75,5.0,RU,1688970598
395,kayangel,8.0823,134.7173,27.88,82,100,7.21,PW,1688970800
396,medina,24.4686,39.6142,34.24,12,0,2.57,SA,1688970581
397,miura,35.14,139.6192,36.16,88,13,12.16,JP,1688970591
398,miyakonojo,31.7333,131.0667,34.08,60,1,4.72,JP,1688970800
399,ceelbuur,4.685,46.6176,30.73,47,85,11.61,SO,1688970801
400,cananea,30.95,-110.3,20.14,76,100,2.73,MX,1688970801
401,duluth,46.7833,-92.1066,20.32,89,75,3.6,US,1688970802
402,ironwood,46.4547,-90.171,21.45,56,40,5.66,US,1688970802
403,nova vicosa,-17.8919,-39.3719,22.37,88,14,3.11,BR,1688970802
404,ust'-ilimsk,58.0006,102.6619,26.11,46,100,4.55,RU,1688970738
405,mogocha,53.7333,119.7667,28.68,26,100,1.92,RU,1688970803
406,masuguru,-11.3667,38.4167,27.35,53,40,1.14,TZ,1688970803
407,vilhena,-12.7406,-60.1458,19.33,64,0,1.43,BR,1688970803
408,kasulu,-4.5767,30.1025,24.8,42,38,1.33,TZ,1688970804
409,kargasok,59.0556,80.8572,24.81,42,100,3.13,RU,1688970805
410,inhambane,-23.865,35.3833,20.99,83,40,5.14,MZ,1688970805
411,hirara,24.8,125.2833,32.15,66,40,4.63,JP,1688970707
412,longboat key,27.4125,-82.659,29.44,72,0,3.6,US,1688970805
413,san felipe,10.3399,-68.7425,22.68,98,88,0.31,VE,1688970806
414,nova sintra,14.8667,-24.7167,21.9,80,96,10.34,CV,1688970806
415,mont-dore,-22.2833,166.5833,19.99,64,10,2.21,NC,1688970807
416,walvis bay,-22.9575,14.5053,14.41,27,5,5.31,NA,1688970807
417,sumbawa besar,-8.5,117.4333,31.68,41,69,5.02,ID,1688970807
418,palikir - national government center,6.9248,158.1611,30.41,70,75,2.06,FM,1688970807
419,wynyard,-41.0,145.7167,11.66,80,71,7.73,AU,1688970808
420,kailua-kona,19.6406,-155.9956,24.17,91,100,1.79,US,1688970808
421,kingisepp,59.3733,28.6134,16.87,46,15,4.17,RU,1688970808
422,kstovo,56.1473,44.1979,14.66,97,100,7.49,RU,1688970809
423,high river,50.5834,-113.8687,17.75,86,96,2.07,CA,1688970809
424,gisborne,-38.6533,178.0042,12.5,78,100,3.65,NZ,1688970229
425,egilsstadir,65.2653,-14.3948,8.95,93,100,3.09,IS,1688970809
426,malchin,53.7333,12.7833,20.21,46,100,4.19,DE,1688970810
427,saipan,15.1355,145.701,30.39,100,75,5.66,MP,1688970557
428,saldanha,-33.0117,17.9442,5.03,71,0,3.44,ZA,1688970810
429,morant bay,17.8815,-76.4093,28.79,86,57,4.59,JM,1688970811
430,homer,59.6425,-151.5483,10.94,75,100,6.26,US,1688970811
431,tabou,4.423,-7.3528,24.37,89,100,2.88,CI,1688970811
432,sanming,26.2486,117.6186,38.07,37,88,1.12,CN,1688970674
433,lashio,22.9333,97.75,22.07,97,100,0.32,MM,1688970598
434,yuza,39.0,139.9167,28.03,94,54,3.9,JP,1688970812
435,el galpon,-25.3807,-64.6526,17.35,93,100,1.26,AR,1688970812
436,bouca,6.5105,18.2733,23.16,90,11,1.58,CF,1688970813
437,vorkuta,67.5,64.0,14.13,47,47,3.87,RU,1688970813
438,tanout,14.9709,8.8879,29.14,47,47,5.49,NE,1688970813
439,kindu,-2.95,25.95,25.95,67,93,0.7,CD,1688970814
440,sakakah,29.9697,40.2064,30.76,24,2,3.8,SA,1688970814
441,arraial do cabo,-22.9661,-42.0278,20.89,77,100,3.72,BR,1688970814
442,codrington,-38.2667,141.9667,13.15,75,11,7.98,AU,1688970815
443,yavne,31.8764,34.74,28.13,73,100,0.89,IL,1688970815
444,harper,4.375,-7.7169,24.74,87,95,3.54,LR,1688970816
445,belozersk,60.0326,37.7957,14.0,57,92,6.4,RU,1688970816
446,gulabpura,25.9,74.6667,31.75,61,73,5.56,IN,1688970817
447,usogorsk,63.4106,48.6872,12.44,62,100,3.3,RU,1688970817
448,agat village,13.3886,144.6585,27.06,94,100,4.12,GU,1688970817
449,sinop,41.7711,34.8709,19.24,85,100,7.51,TR,1688970818
450,durazno,-33.4131,-56.5006,10.86,97,12,3.08,UY,1688970818
451,big bend,-26.8167,31.9333,11.33,85,100,4.13,SZ,1688970819
452,coahuayana de hidalgo,18.7,-103.6583,25.6,88,100,1.34,MX,1688970819
453,nalut,30.3333,10.85,33.4,20,8,6.83,LY,1688970819
454,cabedelo,-6.9811,-34.8339,23.37,85,4,4.71,BR,1688970820
455,la'ie,21.6477,-157.9253,25.98,73,100,3.13,US,1688970820
456,raja,8.4596,25.678,25.21,79,46,2.27,SS,1688970820
457,ataq,14.5377,46.8319,34.02,29,6,2.17,YE,1688970821
458,leribe,-28.8718,28.045,2.02,52,44,2.48,LS,1688970821
459,muisne,0.6,-80.0333,25.2,90,99,2.88,EC,1688970821
460,severo-yeniseyskiy,60.3725,93.0408,17.98,89,98,3.67,RU,1688970822
461,acajutla,13.5928,-89.8275,26.48,85,88,2.76,SV,1688970822
462,grand-bassam,5.2118,-3.7388,24.98,88,61,0.48,CI,1688970822
463,nar'yan-mar,67.6713,53.087,14.18,55,83,4.34,RU,1688970823
464,newport,51.5877,-2.9984,16.92,91,99,5.36,GB,1688970823
465,poronaysk,49.2167,143.1167,17.93,88,92,3.43,RU,1688970823
466,eyl,7.9803,49.8164,32.39,40,76,15.22,SO,1688970824
467,ulladulla,-35.35,150.4667,15.73,54,34,1.8,AU,1688970568
468,okha,53.5739,142.9478,16.43,54,4,6.6,RU,1688970825
469,newnham,-41.3833,147.1333,11.59,88,100,10.29,AU,1688970825
470,santa elena de uairen,4.6167,-61.1333,18.42,93,6,0.94,VE,1688970825
471,singkil,-7.9855,111.4161,29.01,68,85,2.98,ID,1688970825
472,tual,-5.6667,132.75,26.4,86,100,9.37,ID,1688970826
473,moengo,5.6167,-54.4,22.28,99,27,1.15,SR,1688970826
474,east end,34.5507,-92.341,21.84,93,13,2.0,US,1688970826
475,taoudenni,22.6783,-3.9836,36.22,9,5,4.97,ML,1688970827
476,vilyuysk,63.7553,121.6247,28.95,29,11,4.67,RU,1688970827
477,arnprior,45.4334,-76.3494,20.99,84,100,1.1,CA,1688970828
478,hanceville,34.0607,-86.7675,22.16,99,100,1.47,US,1688970828
479,kuraymah,18.55,31.85,36.65,14,100,5.66,SD,1688970828
480,strezhevoy,60.7333,77.5889,19.91,65,100,4.52,RU,1688970829
481,woolgoolga,-30.1106,153.2007,17.93,63,0,2.95,AU,1688970829
482,mohammedia,33.7066,-7.3944,22.3,100,0,0.51,MA,1688970829
483,linxia chengguanzhen,35.6003,103.2064,30.65,43,89,2.52,CN,1688970741
484,chamical,-30.36,-66.314,15.43,86,100,1.91,AR,1688970830
485,nadym,65.5333,72.5167,11.84,73,100,5.73,RU,1688970830
486,ancud,-41.8697,-73.8203,4.84,87,29,1.65,CL,1688970831
487,mocorito,25.4833,-107.9167,29.0,77,93,0.93,MX,1688970831
488,tughyl,47.7252,84.2063,21.81,47,1,5.41,KZ,1688970831
489,kolonia town,6.964,158.206,31.0,70,75,2.06,FM,1688970831
490,crossville,35.949,-85.0269,19.72,98,75,0.45,US,1688970832
491,tarauaca,-8.1614,-70.7656,21.48,99,15,1.07,BR,1688970832
492,berezovyy,51.6667,135.7,25.25,41,14,3.1,RU,1688970833
493,enewetak,11.3474,162.3373,28.24,78,100,6.59,MH,1688970833
494,bokhan,53.153,103.7714,23.72,65,98,3.44,RU,1688970833
495,bubaque,11.2833,-15.8333,27.36,83,100,2.47,GW,1688970833
496,tsiombe,-25.3,45.4833,25.0,46,0,1.6,MG,1688970834
497,iquique,-20.2208,-70.1431,17.02,77,43,3.27,CL,1688970834
498,churapcha,62.0025,132.4325,24.75,39,86,3.15,RU,1688970835
499,seymour,38.9592,-85.8903,19.29,91,0,1.31,US,1688970835
500,ashland,40.8167,-82.2665,15.55,97,0,1.74,US,1688970835
501,abepura,-2.6333,140.5833,30.45,62,20,3.09,ID,1688970835
502,mossel bay,-34.1831,22.146,6.96,67,73,3.56,ZA,1688970836
503,coalcoman de vazquez pallares,18.7833,-103.15,20.22,97,100,0.45,MX,1688970836
504,port alfred,-33.5906,26.891,10.1,88,96,2.24,ZA,1688970837
505,medowie,-32.7333,151.8667,19.27,48,0,4.63,AU,1688970546
506,tame,6.461,-71.73,21.57,88,30,1.82,CO,1688970837
507,chilecito,-29.1619,-67.4974,9.55,85,100,2.1,AR,1688970837
508,el calafate,-50.3408,-72.2768,-4.84,64,0,1.28,AR,1688970838
509,sao vicente,-23.9631,-46.3919,21.26,26,97,1.33,BR,1688970838
510,emerald,-23.5333,148.1667,22.97,29,6,2.72,AU,1688970657
511,semera,11.501,41.201,33.52,32,100,3.39,ET,1688970839
512,kochubey,44.3861,46.5825,25.5,66,100,7.94,RU,1688970840
513,san antonio oeste,-40.7319,-64.9477,6.4,84,42,0.89,AR,1688970840
514,saint-joseph,-21.3667,55.6167,25.26,65,0,3.75,RE,1688970841
515,smithers,54.7804,-127.1743,15.18,88,0,0.0,CA,1688970841
516,maracaibo,10.6317,-71.6406,27.03,74,0,2.41,VE,1688970841
517,aarschot,50.9871,4.837,20.52,77,0,2.68,BE,1688970842
518,klaksvik,62.2266,-6.589,12.51,100,100,2.71,FO,1688970842
519,'alaqahdari dishu,30.4374,63.313,38.36,8,0,9.18,AF,1688970842
520,cabo san lucas,22.8909,-109.9124,28.12,82,6,4.14,MX,1688970842
521,linden,6.0,-58.3,22.78,98,8,0.09,GY,1688970843
522,pawni,20.7833,79.6333,31.65,60,92,4.61,IN,1688970843
523,tranqueras,-31.2,-55.75,12.5,95,100,0.92,UY,1688970844
524,idri,27.5,13.2667,32.42,23,0,4.49,LY,1688970844
525,port douglas,-16.4833,145.4667,22.89,78,92,6.48,AU,1688970844
526,flying fish cove,-10.4217,105.6791,25.82,88,100,4.63,CX,1688970844
527,price,39.5994,-110.8107,25.62,23,0,1.54,US,1688970845
528,jenjarum,2.8833,101.5,34.32,57,93,3.03,MY,1688970702
529,shivpuri,25.4333,77.65,31.4,63,79,3.68,IN,1688970709
530,trinity beach,-16.7888,145.6968,25.56,65,40,6.17,AU,1688970846
531,naukot,24.8587,69.4024,35.39,50,100,5.68,PK,1688970846
532,shanga,11.2106,4.5788,25.39,84,100,1.54,NG,1688970846
533,mangrol,21.1167,70.1167,29.03,75,90,5.84,IN,1688970847
534,east london,-33.0153,27.9116,13.27,63,100,5.19,ZA,1688970797
535,tadjourah,12.0,42.5,35.02,29,6,4.82,DJ,1688970847
536,siwa oasis,29.2041,25.5195,28.82,41,0,5.65,EG,1688970848
537,lesozavodsk,45.4794,133.4244,27.99,62,52,4.89,RU,1688970848
538,wanxian,30.8039,108.3897,34.95,62,98,1.18,CN,1688970848
539,shanghai,31.2222,121.4581,25.93,89,20,4.0,CN,1688970278
540,gornyak,50.9942,81.4661,25.27,39,7,4.38,RU,1688970849
541,la serena,-29.9078,-71.2542,11.73,82,75,3.6,CL,1688970849
542,las terrenas,19.311,-69.5428,26.21,89,100,4.06,DO,1688970849
543,sombrio,-29.1139,-49.6167,18.85,92,100,2.01,BR,1688970849
544,crestview,30.7621,-86.5705,27.91,94,0,3.09,US,1688970850
545,chongwe,-15.3292,28.682,17.32,29,0,0.87,ZM,1688970850
546,nyaunglebin,17.95,96.7333,30.42,71,100,2.74,MM,1688970850
547,taulaga,-11.0553,-171.0883,28.71,78,60,7.11,AS,1688970850
548,al fqih ben calah,32.5009,-6.6906,23.4,40,5,0.46,MA,1688970851
549,taitung city,22.7583,121.1444,32.15,74,20,3.6,TW,1688970552
550,darwin,-12.4611,130.8418,31.7,51,0,4.63,AU,1688970605
551,chul'man,56.8479,124.9104,23.68,34,55,0.79,RU,1688970851
552,ceres,37.5949,-120.9577,16.97,72,0,4.63,US,1688970852
553,kaa-khem,51.6833,94.7333,28.12,31,27,2.3,RU,1688970852
554,trujillo,-8.116,-79.03,21.98,83,75,2.57,PE,1688970852
555,ciudad constitucion,25.0369,-111.6644,27.3,56,50,2.38,MX,1688970852
556,grande prairie,55.1667,-118.8027,19.1,72,75,2.57,CA,1688970853
557,tehran,35.6944,51.4215,34.99,8,0,2.06,IR,1688970508
558,kirtipur,27.6667,85.2833,28.08,66,75,2.24,NP,1688970854
559,howard springs,-12.497,131.047,31.66,58,57,1.09,AU,1688970854
560,chimore,-16.9833,-65.1333,24.08,75,100,0.18,BO,1688970854
561,ta`u,-14.2336,-169.5144,27.58,81,56,7.34,AS,1688970854
562,ciudad tula,23.0,-99.7167,20.21,96,64,1.13,MX,1688970855
563,flin flon,54.7682,-101.865,7.74,64,0,4.15,CA,1688970855
564,querfurt,51.3833,11.6,24.69,75,100,4.36,DE,1688970855
565,bechar,31.6167,-2.2167,32.18,13,0,1.54,DZ,1688970855
566,sona,45.4388,10.8255,29.58,61,0,1.54,IT,1688970856
567,kirensk,57.7853,108.1119,26.67,54,100,2.57,RU,1688970856
568,tralee,52.2704,-9.7026,14.14,94,75,0.51,IE,1688970856
569,isola di capo rizzuto,38.96,17.0933,28.44,34,0,4.63,IT,1688970856
570,naze,28.3667,129.4833,29.51,75,4,2.05,JP,1688970857
571,namie,37.4833,141.0,32.77,64,38,0.89,JP,1688970857
572,kuala kangsar,4.7667,100.9333,30.96,83,47,1.65,MY,1688970620
573,mhango,-3.2833,32.85,24.82,41,38,2.12,TZ,1688970858
574,kerema,-7.9631,145.7785,26.44,87,99,3.23,PG,1688970858
575,raikot,30.65,75.6,30.68,67,98,5.62,IN,1688970858
576,tigre,-34.426,-58.5796,14.03,91,100,2.57,AR,1688970858
577,sao tome,0.3365,6.7273,23.02,100,75,4.12,ST,1688970859
578,curup,-3.4667,102.5333,25.59,83,78,0.46,ID,1688970859
579,sao francisco,-15.9486,-44.8644,18.4,44,0,0.94,BR,1688970859
580,santa cruz de barahona,18.2085,-71.1008,27.03,77,100,1.19,DO,1688970860
581,la passe,45.5549,-0.8967,19.13,74,0,1.63,FR,1688970860
582,laranjeiras do sul,-25.4078,-52.4161,14.75,98,100,0.94,BR,1688970860
583,yamada,39.4667,141.95,27.84,67,70,2.78,JP,1688970861
584,gubkinskiy,64.434,76.5026,11.04,93,100,7.02,RU,1688970861
585,alderetes,-26.8167,-65.1333,13.95,100,75,2.06,AR,1688970861
586,pueblo,38.2545,-104.6091,20.42,85,0,2.57,US,1688970862
587,medicine hat,50.0501,-110.6683,24.55,38,0,6.17,CA,1688970863
588,zayed city,24.3768,54.589,40.08,28,0,4.63,AE,1688970863
589,salalah,17.0151,54.0924,27.05,94,100,1.54,OM,1688970863
